Cultist,Stealth,Influence,Endurance,Lore,Economic,Strength,Insanity,Position
Nellie Simpson,3.8,4.1,4.0,3.0,0.6,2.5,4.3,Enforcer
Brad Garner,4.3,3.3,1.9,2.0,3.9,2.5,3.7,Recruiter
Kristen Watkins,1.2,0.3,3.2,4.8,0.6,4.6,0.9,Enforcer
Marcella Peters,1.6,1.1,1.5,0.3,2.1,0.4,2.6,Recruiter
Vivian Montgomery,0.4,0.6,1.5,1.2,3.0,4.5,3.3,Enforcer
Mildred Roberson,1.0,1.9,0.8,2.2,3.8,1.1,1.2,Accountant
Pat Miles,1.4,1.4,5.0,3.3,4.9,3.8,4.9,Priest
Ed Briggs,4.9,2.3,2.3,5.0,0.0,2.9,4.8,Assassin
Vanessa Strickland,1.8,0.8,3.4,4.4,2.3,0.7,3.7,Priest
Marguerite Adkins,0.5,1.1,4.3,1.5,1.7,2.7,0.7,Enforcer
Patrick Newman,4.8,0.5,1.9,0.2,1.9,1.1,2.0,Assassin
Teri Goodwin,3.3,3.1,0.7,4.1,4.8,2.8,2.5,Advisor
Drew Underwood,0.8,3.6,1.3,0.8,0.1,1.2,2.3,Recruiter
Jonathon Stephens,3.7,1.9,4.3,1.1,2.4,1.9,2.3,Assassin
Pauline Martinez,2.0,3.1,0.9,1.3,2.2,4.8,3.1,Enforcer
Cathy Brewer,2.5,1.8,2.3,1.3,2.9,3.6,0.0,Accountant
Dora Holloway,2.2,1.0,4.6,3.2,0.7,4.1,4.4,Assassin
Joan Sharp,3.9,3.1,4.8,1.7,2.4,0.6,0.8,Accountant
Darrell Murray,4.4,1.2,0.4,2.9,1.7,2.7,3.3,Assassin
Jessie Edwards,4.5,1.0,3.4,2.5,2.3,2.9,1.2,Assassin
Claudia Burgess,2.7,0.7,2.0,4.8,2.9,1.5,1.0,Accountant
Hubert Stewart,4.1,3.6,0.5,3.8,3.1,3.1,5.0,Recruiter
Edna Boone,1.6,0.1,2.6,0.6,4.4,2.8,4.8,Assassin
Perry Bates,4.0,4.4,1.8,3.5,4.5,3.5,3.2,Advisor
Yvette Smith,0.9,4.2,2.9,0.8,0.4,2.4,3.7,Enforcer
Shawn Hawkins,2.5,3.2,5.0,0.5,3.6,4.0,0.9,Enforcer
Brandy Goodman,4.3,0.6,3.0,2.4,2.2,3.0,3.0,Assassin
Roosevelt Bowers,1.7,1.4,0.1,2.3,0.0,0.9,1.7,Advisor
Pedro Brock,3.4,4.1,4.5,1.2,4.4,2.2,2.9,Accountant
Geoffrey Castillo,3.7,4.3,1.9,3.0,0.6,2.1,4.0,Recruiter
Wendy Cannon,4.0,4.4,0.4,1.1,2.3,2.9,1.0,Advisor
Kristopher Pena,3.9,1.0,2.0,1.8,4.3,4.4,1.2,Accountant
Philip Graves,1.0,4.3,1.5,2.1,3.9,1.5,1.9,Recruiter
Dustin Gregory,4.3,0.2,1.4,1.0,1.1,0.7,4.2,Assassin
Patty Manning,2.8,1.5,0.0,3.9,1.9,3.0,1.6,Advisor
Sonja Kelley,4.4,1.4,2.4,4.4,3.0,3.4,3.2,Assassin
Marion Phillips,3.5,2.5,4.0,2.8,3.9,1.3,4.0,Assassin
Alfred Blake,0.4,0.9,0.4,3.3,4.4,0.2,1.4,Accountant
Jim Robbins,2.4,3.7,2.4,1.1,4.4,0.2,4.3,Recruiter
Lola Powell,2.5,4.9,2.4,0.6,3.4,0.4,1.7,Recruiter
Willis Warren,1.9,3.9,1.7,3.1,4.1,3.0,1.5,Advisor
Eloise Ortega,2.4,3.0,3.7,3.7,5.0,3.7,1.8,Accountant
Edmund Garcia,3.5,1.5,1.7,1.5,3.7,3.8,0.8,Accountant
Rachel Holt,0.2,2.3,3.1,3.1,2.7,1.7,0.0,Accountant
Natalie Carson,4.8,3.7,4.2,4.2,3.2,3.3,0.0,Accountant
Boyd Vaughn,1.0,3.0,4.0,0.3,0.1,4.6,2.4,Enforcer
Gerard Harmon,3.4,2.1,0.1,3.1,2.7,4.5,1.9,Advisor
Deborah Herrera,4.6,4.5,1.1,0.8,2.2,0.6,0.9,Advisor
Hugo Bradley,4.6,2.2,0.0,4.3,4.0,2.2,2.5,Advisor
Alma Richardson,3.4,3.5,1.0,3.2,3.8,1.0,2.6,Advisor
Micheal Abbott,2.4,3.6,2.2,3.9,2.3,1.1,1.3,Advisor
Jerald Ramos,3.5,0.4,3.4,1.1,1.5,4.1,1.0,Assassin
Mona Stevenson,1.4,1.5,0.0,4.7,5.0,2.8,3.9,Advisor
Garry Baker,1.3,4.8,4.0,3.2,2.8,4.6,1.5,Enforcer
Tammy Clarke,4.1,0.1,1.5,3.6,0.6,0.3,4.7,Assassin
Elbert Stevens,0.2,4.4,4.7,0.3,2.8,4.5,0.2,Enforcer
Stanley Huff,0.7,2.3,3.5,4.6,2.4,1.3,0.3,Accountant
Maryann Allen,2.9,3.8,3.5,1.6,2.1,0.0,1.2,Accountant
Israel Nunez,4.9,1.6,1.0,3.7,0.9,4.5,4.7,Assassin
Roberta Lucas,4.6,1.2,4.6,0.3,0.7,1.6,3.8,Assassin
Jamie Nash,4.2,4.7,4.4,4.1,2.6,0.9,3.6,Recruiter
Lance Roberts,1.6,0.3,0.0,3.0,2.3,0.2,1.5,Advisor
Maurice Reid,1.4,3.3,3.0,4.1,2.6,0.1,3.1,Priest
Julia Hopkins,4.5,4.7,1.7,2.1,2.8,3.2,0.1,Advisor
Kenneth Chandler,4.4,2.0,3.1,4.5,0.4,3.9,4.6,Assassin
Eleanor Harper,2.4,1.2,3.3,4.9,3.6,0.1,1.1,Accountant
Sammy Mason,2.4,3.4,0.6,1.4,0.0,0.7,2.2,Recruiter
Erin Jimenez,4.6,2.1,1.3,3.3,3.7,0.9,0.1,Accountant
Gina Mitchell,0.6,4.4,4.7,1.5,3.1,2.9,0.3,Enforcer
Adrienne Nichols,0.4,4.4,0.6,3.0,2.4,1.6,2.8,Recruiter
Hattie Taylor,3.1,2.1,1.6,1.2,1.7,3.5,4.5,Assassin
Shawna Waters,3.5,4.0,2.2,1.4,0.2,4.9,2.3,Enforcer
Derrick Peterson,4.0,4.6,3.5,0.1,2.5,1.4,1.7,Enforcer
Evan Romero,0.8,1.3,1.0,1.4,3.6,3.3,3.0,Priest
Everett Gomez,4.7,4.6,3.3,2.2,3.8,0.3,3.7,Recruiter
Diana Ballard,2.3,1.6,0.9,2.8,4.8,3.8,2.0,Accountant
Jennifer Gardner,0.7,3.4,3.4,1.3,4.8,1.8,4.2,Priest
Natasha Patton,2.1,1.7,4.6,2.3,4.4,1.3,0.1,Accountant
Rita Patrick,3.1,2.2,0.2,4.9,1.5,4.6,2.1,Advisor
Roger Sutton,2.0,1.2,0.0,2.1,4.2,3.9,0.3,Accountant
Lorraine Lee,2.9,0.0,3.0,4.1,2.7,4.8,0.5,Accountant
Nina Poole,1.5,0.2,2.7,4.5,3.1,3.9,4.5,Priest
Lyle Glover,0.1,0.4,0.0,2.0,1.3,0.1,2.1,Priest
Theresa Woods,1.3,4.8,2.4,3.8,0.2,4.6,2.5,Enforcer
Lynn Howell,0.6,3.1,2.8,1.2,2.7,3.1,1.4,Enforcer
Dewey Hines,0.2,2.6,1.4,5.0,0.3,1.1,3.7,Priest
Genevieve Soto,0.9,4.8,2.6,3.5,4.8,0.8,3.2,Recruiter
Marshall Brady,1.4,1.6,2.7,0.0,2.9,2.8,2.3,Enforcer
Alfonso Malone,4.0,4.5,0.8,3.5,2.3,0.2,3.5,Recruiter
Elijah Douglas,4.8,4.0,2.6,0.5,1.7,1.8,1.6,Assassin
Cheryl Benson,1.4,3.4,0.0,3.6,4.0,0.9,3.7,Recruiter
Randolph Norris,3.6,1.1,3.7,1.8,0.6,1.4,4.9,Assassin
Nathaniel Paul,1.9,1.4,3.9,1.6,0.5,1.9,4.8,Assassin
Tonya Mills,0.3,2.2,0.8,3.1,2.0,4.1,3.5,Priest
Violet Blair,4.5,2.0,1.6,3.7,2.5,1.8,1.9,Advisor
Roderick Stone,0.8,0.2,0.9,3.6,2.6,4.7,1.2,Accountant
Kristina Daniel,1.2,4.2,4.8,0.9,3.7,2.5,3.8,Enforcer
Casey Sims,4.9,4.7,0.8,0.5,0.1,0.5,0.2,Advisor
Whitney Gilbert,2.1,0.4,2.6,3.7,0.5,2.8,1.1,Assassin
Leon Haynes,3.1,4.2,0.8,1.0,3.1,0.7,1.7,Recruiter
Dwayne Gordon,4.6,2.7,2.4,2.4,3.0,3.2,4.8,Assassin
Micheal Vargas,2.6,3.2,0.8,0.3,1.2,0.6,5.0,Recruiter
Marion Duncan,4.0,2.3,4.4,3.6,1.2,3.4,3.0,Assassin
Erik Stokes,4.3,4.0,2.7,1.3,3.8,1.2,0.4,Accountant
Ruth Haynes,1.7,2.9,2.7,3.8,3.5,1.9,4.2,Priest
Meredith Harvey,2.0,1.7,3.4,2.8,3.9,0.0,2.9,Accountant
Leslie Goodwin,3.8,2.2,0.2,0.6,3.5,4.7,0.2,Enforcer
Noah Benson,4.7,3.1,2.0,2.2,3.9,3.8,2.1,Accountant
Olivia Banks,4.2,0.2,2.6,3.2,2.6,0.8,2.4,Assassin
Lula Stone,4.4,4.7,4.4,2.5,0.1,1.6,1.3,Enforcer
Velma Hernandez,3.1,1.2,1.8,3.7,1.9,1.0,2.3,Advisor
Alison Richardson,1.1,2.9,2.6,3.1,1.9,0.1,0.4,Accountant
Rufus Ingram,2.2,3.3,3.0,0.7,2.2,2.2,3.8,Enforcer
Nellie Stevenson,2.2,3.2,1.2,1.7,2.0,4.8,1.6,Enforcer
Terry Hale,1.3,2.5,0.8,4.6,4.8,0.1,3.3,Advisor
Holly Mack,4.5,0.2,4.9,2.8,0.2,2.7,0.7,Assassin
Toby Myers,3.0,4.5,4.8,3.5,2.1,0.4,1.4,Accountant
Ben Kelly,1.8,2.8,2.0,3.5,2.8,0.9,4.0,Priest
Sam Welch,3.7,4.0,2.4,0.3,2.6,1.4,3.3,Recruiter
Deanna Manning,0.1,3.8,2.7,2.1,3.3,0.2,0.9,Accountant
Miranda Love,4.6,2.4,4.1,2.5,1.1,3.7,3.5,Assassin
Dixie Gill,2.3,0.0,5.0,0.3,1.5,1.4,4.9,Assassin
Lynette Weaver,1.0,2.6,0.0,2.3,1.3,4.0,1.7,Enforcer
Jean Bowen,2.9,1.7,2.1,3.0,1.7,1.7,1.6,Accountant
Kelli Bowman,2.0,4.6,0.4,2.8,3.3,2.7,2.2,Advisor
Celia Cooper,2.1,4.0,1.4,0.2,0.0,1.9,3.4,Enforcer
Faye Casey,3.6,0.1,2.3,0.0,3.1,4.0,3.6,Assassin
Horace Quinn,1.5,2.7,4.1,0.4,3.7,1.6,1.6,Accountant
Lee Burke,2.2,3.2,1.5,2.7,1.8,1.7,0.2,Advisor
Doreen Malone,4.9,0.5,1.6,1.6,4.2,4.4,3.6,Assassin
Alice Allison,4.0,1.7,4.1,1.4,1.6,0.5,3.5,Assassin
Gloria Parsons,0.9,4.0,1.3,3.7,1.0,4.3,0.3,Enforcer
Shelia Richards,0.8,0.1,1.8,0.7,4.9,2.9,1.7,Accountant
William Jennings,4.1,3.7,4.9,0.8,2.1,2.7,2.8,Enforcer
Bennie Waters,0.0,3.0,2.7,0.3,0.0,3.7,1.0,Enforcer
Kimberly Fowler,0.8,3.6,3.5,1.7,3.2,2.3,4.7,Priest
Sherry Drake,2.9,0.5,1.3,4.2,2.2,1.5,0.3,Accountant
Herman Collier,3.5,3.5,2.8,3.2,2.7,1.0,3.7,Recruiter
Lucia Douglas,2.0,1.8,2.3,1.3,2.4,5.0,1.6,Enforcer
Ramona Warren,4.6,1.7,2.5,1.2,0.1,2.3,4.7,Assassin
Brandi Bridges,2.8,0.6,0.5,0.8,3.4,3.1,3.2,Assassin
Robin Santos,0.2,0.5,1.0,2.6,0.9,3.8,1.1,Enforcer
Jacqueline May,0.6,4.7,4.5,0.7,0.1,4.3,2.8,Enforcer
Mamie Simon,4.0,1.6,2.4,2.7,2.2,2.0,0.7,Accountant
Pam Smith,1.6,1.5,3.7,0.5,3.6,2.4,2.8,Assassin
Alberta Garrett,1.8,3.7,5.0,2.1,4.9,1.0,1.2,Accountant
Seth Mullins,4.1,4.8,1.4,4.5,2.3,2.6,4.9,Recruiter
Billie Lyons,1.5,0.6,4.9,4.0,0.1,1.4,1.7,Assassin
Cindy Brady,2.0,4.6,3.8,2.6,2.8,2.0,0.3,Accountant
Jeanne Olson,0.3,3.5,0.0,1.6,1.8,1.0,1.8,Recruiter
Sue Kennedy,3.6,3.4,1.8,2.8,3.1,4.0,0.3,Advisor
Bradley Santiago,4.5,0.6,4.1,0.8,0.5,2.3,0.7,Assassin
Beatrice Grant,1.0,0.4,3.7,1.9,3.2,3.1,1.3,Accountant
Wilbert Fitzgerald,1.4,3.2,1.9,3.3,3.1,2.7,0.6,Advisor
Caleb Silva,0.1,0.1,0.7,1.4,2.8,2.9,4.8,Priest
Ruby Patterson,4.2,2.7,1.8,3.2,3.3,1.7,1.5,Advisor
Justin Peterson,2.4,0.3,3.9,2.8,1.1,4.0,3.5,Assassin
Candace Wagner,1.0,4.0,3.9,2.3,2.8,1.9,2.7,Priest
Robyn Hill,1.0,3.9,3.1,0.9,2.1,4.3,1.8,Enforcer
Ernest Nunez,4.5,3.1,2.3,1.2,3.7,4.6,0.1,Enforcer
Jan Henry,3.0,1.4,4.3,1.8,3.3,2.3,2.1,Assassin
Kellie Flores,2.6,2.5,1.0,4.7,2.4,4.9,3.7,Advisor
Shawn Colon,1.0,3.2,1.7,2.9,3.9,1.7,3.7,Recruiter
Max Stevens,2.9,3.5,1.8,1.4,3.5,1.9,4.3,Recruiter
Paul Burton,4.4,1.3,1.7,1.0,0.1,0.0,1.3,Assassin
Melody Gutierrez,2.0,1.0,1.1,3.6,2.4,4.1,1.1,Accountant
Terry Dixon,4.3,3.2,1.6,0.7,3.9,2.6,2.6,Assassin
Tommy Sullivan,4.8,1.1,3.9,2.3,2.7,4.8,1.7,Assassin
Tammy Riley,5.0,4.1,2.3,1.6,3.4,4.3,0.5,Enforcer
Teresa Wade,3.8,2.2,2.2,2.2,0.3,1.8,3.0,Assassin
Joyce Stewart,2.1,3.6,0.6,1.7,1.8,1.4,4.6,Recruiter
Lonnie Moreno,1.6,3.7,1.1,2.8,3.9,3.6,4.7,Recruiter
Catherine Conner,1.6,0.1,3.1,0.0,3.5,4.7,2.2,Enforcer
Angie Klein,4.8,0.3,3.1,3.4,0.3,2.5,3.7,Assassin
Cora Mcdaniel,2.3,3.5,5.0,1.9,2.1,0.8,0.4,Accountant
Mitchell Schneider,1.4,3.1,3.1,1.0,3.2,0.2,0.8,Accountant
Renee Baldwin,4.6,1.5,2.5,1.2,4.1,1.5,1.8,Accountant
Gilbert Farmer,4.6,2.0,4.3,3.9,0.1,2.2,1.7,Assassin
Abraham Mclaughlin,3.3,4.3,4.5,4.5,1.3,3.6,2.6,Enforcer
Fannie Wallace,2.8,4.4,1.3,1.5,1.4,3.3,3.5,Enforcer
Kristine Meyer,4.2,1.3,2.7,1.2,3.2,1.8,0.6,Accountant
Jay Martinez,3.0,0.2,3.3,1.1,1.9,3.5,3.6,Assassin
Rosemarie White,2.9,0.8,3.1,1.6,0.8,4.2,0.9,Enforcer
Eleanor Sims,2.8,0.8,1.4,2.7,2.0,3.7,2.5,Assassin
Nichole Saunders,1.5,0.6,3.5,1.0,0.5,4.4,3.9,Enforcer
Pearl Holloway,0.7,4.4,3.5,2.8,3.2,3.6,0.6,Enforcer
Julian Guzman,1.3,2.7,4.0,4.6,5.0,3.9,3.1,Accountant
Tim Hart,4.8,4.5,3.0,0.4,1.3,3.5,2.1,Enforcer
Molly Newton,2.1,4.7,0.5,2.8,4.5,4.0,0.9,Advisor
Al Ford,2.8,1.1,3.7,4.4,2.3,4.9,0.7,Accountant
Gladys Cunningham,3.3,3.2,2.1,4.0,3.9,2.8,2.3,Advisor
Antonio Hansen,0.3,3.4,2.2,2.4,1.9,4.9,1.6,Enforcer
Emanuel Huff,0.0,1.7,1.3,1.9,0.2,1.9,0.2,Enforcer
Valerie Morton,3.8,4.3,2.0,2.0,1.8,0.0,4.9,Recruiter
Rachael Mcgee,3.8,1.1,2.9,1.7,4.5,4.2,0.1,Accountant
Teri Harrington,4.2,3.5,1.8,1.5,0.6,0.6,0.9,Advisor
Jeffery Brooks,3.3,2.4,3.3,0.1,0.4,0.4,2.1,Assassin
Julio Potter,3.1,3.9,1.5,0.9,3.7,1.5,4.7,Recruiter
Dale Holland,2.9,2.8,1.2,2.4,0.5,0.8,4.7,Recruiter
Archie Castro,4.1,3.7,3.5,1.2,0.3,2.4,4.0,Enforcer
Caleb Bridges,3.8,2.2,2.0,2.4,1.5,4.8,0.1,Enforcer
Kerry Norton,4.4,3.2,3.2,1.6,5.0,1.8,1.6,Accountant
Eula Kennedy,0.9,3.8,4.2,3.5,1.6,1.9,4.1,Priest
Roman Webster,2.4,3.3,2.8,2.8,0.0,4.8,0.9,Enforcer
Shawna Clarke,0.1,4.3,3.5,0.7,1.4,4.3,2.3,Enforcer
Elijah Hill,2.3,0.3,0.6,4.0,4.0,3.3,3.2,Advisor
Elaine Jacobs,3.1,0.9,3.5,1.3,4.1,2.7,3.9,Assassin
Christopher Casey,1.3,2.8,0.5,0.0,3.9,2.3,0.9,Advisor
Audrey Carter,3.3,3.6,4.7,4.7,3.2,1.7,0.8,Accountant
Bertha Russell,1.9,0.9,3.9,1.6,3.9,3.0,3.3,Assassin
Virginia Powell,1.5,1.6,2.8,2.4,4.4,0.2,1.8,Accountant
Jeanette Brock,1.9,3.9,1.4,1.8,1.2,2.6,4.3,Recruiter
Jacob Warren,3.9,4.1,4.1,1.3,4.7,4.1,0.0,Accountant
Dana Bishop,2.1,3.7,1.5,2.6,3.6,3.5,1.1,Advisor
Madeline Fields,0.6,1.5,4.4,1.3,3.0,4.3,1.3,Enforcer
Brandi Vasquez,1.1,3.6,2.0,2.1,4.4,2.2,2.4,Recruiter
Nora Bryant,5.0,1.9,2.9,2.4,0.9,1.2,4.7,Assassin
Delores Mcguire,4.2,3.8,0.2,0.7,0.4,3.0,4.9,Recruiter
Richard Padilla,4.9,0.2,4.8,0.6,2.1,1.4,1.9,Assassin
Andres Pittman,1.6,0.0,4.0,0.4,0.7,3.2,0.1,Enforcer
Rosalie Lambert,2.2,0.8,2.9,0.5,3.0,2.0,1.4,Assassin
Ellen Francis,0.0,4.4,2.0,4.5,1.9,0.8,2.3,Priest
Orlando Jimenez,1.3,2.8,3.0,3.9,0.3,3.8,1.9,Enforcer
Eloise Brady,2.8,1.0,0.7,1.0,1.0,1.5,1.1,Assassin
Taylor Willis,4.6,0.8,3.2,0.3,1.1,4.5,2.3,Assassin
Sarah Cortez,0.3,0.1,1.4,2.8,4.1,0.3,0.8,Accountant
Beth Franklin,4.5,3.0,1.2,1.3,4.9,3.8,3.9,Recruiter
Constance Gilbert,0.6,5.0,2.2,3.2,1.3,2.3,1.2,Recruiter
Floyd Hopkins,2.7,1.0,2.9,4.1,3.7,0.1,4.0,Priest
Eunice Wells,4.9,2.1,2.1,1.4,0.9,1.5,2.7,Assassin
Ella Nichols,3.4,3.8,5.0,4.1,3.1,3.1,3.5,Priest
Elsa Diaz,0.8,4.0,2.3,3.4,3.1,0.5,4.7,Priest
Jean Morton,0.8,3.2,3.1,3.7,1.7,3.8,3.8,Priest
Kenneth Zimmerman,0.6,4.1,3.0,0.9,4.8,2.8,0.3,Accountant
Martha Hayes,0.8,3.6,0.2,3.8,3.2,1.9,3.5,Recruiter
Carroll Lindsey,0.1,0.6,0.1,4.0,4.9,0.0,2.1,Accountant
Lynn Estrada,4.7,1.2,3.1,0.2,1.6,2.3,4.7,Assassin
Arturo Cook,1.3,3.3,1.7,1.9,2.8,5.0,0.8,Enforcer
Ramon Barnes,2.0,4.2,2.6,4.6,4.8,3.6,4.1,Advisor
Hattie Tran,4.3,0.8,4.4,4.8,1.0,4.8,0.3,Assassin
Amanda Carlson,1.0,0.2,1.4,2.9,3.5,0.1,3.9,Priest
Ernest Bush,3.4,2.5,3.4,1.6,2.8,0.5,0.5,Accountant
Henrietta Hamilton,2.4,3.9,2.3,3.7,2.2,3.7,4.8,Priest
Lloyd Bennett,0.4,2.1,3.9,0.6,0.3,4.9,3.8,Enforcer
Wayne Thornton,0.6,0.6,0.0,0.8,3.3,1.3,1.2,Accountant
Jermaine Jennings,2.5,0.3,3.1,1.7,1.1,4.6,0.6,Enforcer
Damon Mcbride,2.7,0.3,0.0,4.1,2.0,1.7,2.7,Advisor
Janet Oliver,2.9,3.1,2.3,3.6,2.0,2.8,0.9,Advisor
Olga Patton,2.5,1.3,3.7,4.7,2.1,4.5,2.7,Assassin
Bernadette Buchanan,4.4,1.1,3.2,4.2,1.6,1.4,2.4,Assassin
Oscar Evans,4.9,2.5,3.2,3.2,2.9,4.6,3.3,Assassin
Johanna Alvarado,4.7,2.4,0.0,3.3,1.4,1.6,0.2,Advisor
Dan Moody,3.0,0.6,3.8,0.0,3.8,0.1,0.3,Accountant
Walter Lyons,3.3,1.0,4.6,4.2,1.4,3.7,0.5,Assassin
Derek Hughes,0.7,2.2,0.8,4.4,2.8,2.8,1.1,Advisor
Jake Peters,1.8,0.3,1.6,0.8,0.4,1.0,2.7,Assassin
Paula Cain,3.4,2.8,4.1,1.5,2.1,1.3,0.1,Accountant
Hubert Swanson,3.4,3.4,0.4,1.9,1.1,1.1,3.4,Recruiter
Helen Patterson,0.4,2.4,2.1,2.2,1.9,3.4,0.6,Enforcer
Steve Lopez,1.2,4.4,3.2,1.0,2.9,0.7,2.7,Recruiter
Roland Mccormick,1.2,1.9,1.4,0.0,3.9,0.3,4.9,Recruiter
Kristin Fuller,4.6,3.8,1.5,1.9,1.2,4.1,0.0,Enforcer
Salvatore Dixon,3.2,1.3,3.5,2.4,1.5,3.9,3.8,Assassin
Freddie Wilkerson,2.7,1.5,2.8,4.7,2.5,3.6,2.3,Accountant
Minnie Henry,0.1,2.8,3.3,1.1,4.4,3.9,0.5,Accountant
Joanna Schneider,0.7,2.4,4.9,2.9,4.7,1.2,3.9,Priest
Sherri Davidson,1.1,3.1,2.7,2.8,0.9,2.7,1.9,Enforcer
Tami Obrien,0.0,1.6,2.8,2.9,2.0,1.1,0.5,Accountant
Alfredo Weber,2.2,3.0,1.2,1.8,0.8,0.7,0.2,Advisor
Don Miller,4.4,4.7,3.0,0.3,4.8,2.9,2.0,Accountant
Brent Vaughn,1.4,0.4,1.6,3.1,1.4,4.6,3.0,Enforcer
Earnest Williamson,4.2,1.1,3.2,2.1,2.9,5.0,1.7,Assassin
Stewart Adkins,1.9,1.9,4.0,3.6,0.9,0.7,1.7,Priest
Oliver Brown,1.5,1.5,4.4,0.8,0.9,1.8,1.8,Enforcer
Gerald Hawkins,4.6,2.6,0.5,0.9,4.0,3.4,2.0,Advisor
Jordan Ortega,1.6,5.0,2.7,1.1,0.4,1.7,2.6,Enforcer
Lydia Newton,4.3,1.6,4.2,3.1,0.5,3.8,2.1,Assassin
Beverly Ryan,3.3,0.7,0.2,4.7,4.0,3.3,2.9,Advisor
Corey Murphy,1.1,0.1,2.9,3.4,1.4,2.5,2.0,Assassin
Alfonso Edwards,1.3,0.8,4.2,0.9,2.1,4.2,2.2,Enforcer
Rose Norris,4.0,4.0,2.1,4.9,0.6,3.8,4.8,Priest
Estelle Torres,1.7,0.8,4.1,1.7,2.5,1.7,4.0,Assassin
Carmen Gibson,2.0,3.1,0.4,4.7,0.2,0.6,4.3,Priest
Jeffrey Sandoval,0.6,1.8,4.4,3.0,4.2,4.6,4.5,Priest
Nichole Mack,4.4,4.1,2.9,3.5,2.8,1.0,2.3,Advisor
Kara Thompson,4.1,5.0,3.4,4.1,2.5,4.2,1.6,Enforcer
Gary Houston,3.6,4.8,4.8,4.3,3.9,0.7,0.8,Accountant
Sonya Hoffman,1.8,0.2,0.4,0.9,0.0,4.3,3.6,Enforcer
Everett Castillo,2.0,4.6,2.3,1.3,0.8,3.8,1.6,Enforcer
Sheldon Burton,0.5,0.8,3.1,3.1,2.4,2.4,0.5,Accountant
Dianna Tate,3.3,1.5,2.5,3.4,2.4,0.6,0.0,Accountant
Earl Myers,3.5,1.0,3.1,2.7,3.5,0.5,2.1,Accountant
Edmund Stanley,3.2,3.3,3.0,2.9,4.5,3.8,0.8,Accountant
Marcos Luna,3.0,4.6,1.0,4.9,4.9,4.6,4.7,Advisor
Jane Strickland,5.0,3.6,4.2,3.4,1.5,2.0,1.6,Assassin
Luis Phillips,3.5,0.8,1.7,4.9,3.1,4.8,1.5,Accountant
Irving Massey,3.9,5.0,3.1,3.7,3.6,3.9,3.5,Advisor
Myra Hampton,3.5,0.7,4.2,2.5,4.7,3.6,4.4,Assassin
Dana Turner,4.7,1.3,0.7,4.9,4.5,4.0,4.3,Advisor
Dwight Williams,4.3,1.5,3.5,4.3,2.5,3.6,4.8,Assassin
Stephanie French,1.7,2.1,3.7,3.0,4.7,1.6,1.0,Accountant
Vickie Weaver,3.9,1.4,3.7,2.5,2.9,1.9,4.3,Assassin
Alexandra Hodges,2.9,1.3,3.5,5.0,4.3,2.8,3.7,Accountant
Laura Stanley,2.8,3.5,4.0,1.1,3.0,4.8,0.8,Enforcer
Minnie Doyle,0.2,1.4,4.6,1.0,4.6,4.6,3.2,Enforcer
Melanie Barnett,4.0,1.9,3.6,0.2,3.8,0.4,4.6,Assassin
Leigh Barnes,4.8,2.5,0.7,2.7,1.9,3.9,1.9,Assassin
Lora Ball,4.8,0.5,0.9,0.0,0.2,3.6,1.6,Assassin
Lila Sandoval,3.6,0.0,2.2,2.6,3.1,2.1,3.7,Assassin
Vernon Sparks,2.1,1.9,1.8,3.5,3.9,0.1,4.8,Priest
Wallace Baldwin,0.4,0.8,0.0,0.7,1.6,0.5,1.2,Recruiter
Kristy Gregory,3.9,4.5,1.6,1.8,1.8,4.8,3.1,Enforcer
Jack Wong,2.6,3.1,3.1,1.7,2.8,1.5,1.7,Accountant
Wendell Murphy,3.7,0.2,2.7,1.0,0.9,0.1,2.3,Assassin
Jacob Cox,3.2,0.7,0.9,3.2,2.2,2.9,3.1,Assassin
Kathy Ryan,1.6,0.7,3.2,4.3,4.3,0.7,0.0,Accountant
Alyssa Edwards,0.0,4.9,1.8,0.0,3.9,4.2,3.8,Enforcer
Diana Hunt,4.7,1.0,0.8,4.4,4.6,3.2,1.3,Accountant
Maurice Cole,4.7,2.1,0.9,2.6,3.7,0.8,4.8,Recruiter
Cody Erickson,1.9,1.8,2.1,1.3,2.0,3.1,0.3,Enforcer
Vicky Adkins,1.2,3.0,1.7,0.2,4.1,2.1,1.5,Accountant
Shelia Sanchez,2.1,1.7,3.1,3.7,0.6,3.3,3.4,Enforcer
Rick Mack,1.9,3.5,2.4,1.1,1.9,0.5,2.3,Recruiter
Tanya Moran,2.7,3.3,0.8,2.0,4.6,3.5,4.0,Recruiter
Katherine Watkins,1.1,0.2,5.0,1.9,1.1,2.5,3.7,Assassin
Jerome Knight,0.8,2.6,2.6,1.3,1.2,3.7,1.9,Enforcer
Ella Lee,4.5,0.6,2.2,2.9,3.4,1.5,3.0,Assassin
Herbert Joseph,1.2,4.7,0.3,1.4,2.0,4.7,4.4,Enforcer
Israel Terry,4.8,2.8,0.7,3.6,4.3,1.3,0.9,Advisor
April Jefferson,0.0,1.9,0.3,5.0,3.2,4.8,2.9,Advisor
Sue Ray,4.4,3.4,2.5,1.9,2.7,1.3,0.4,Accountant
Lydia Pena,1.1,2.2,0.5,0.9,4.2,1.7,3.5,Recruiter
Wanda Walsh,4.1,4.6,3.5,3.8,4.0,4.2,4.4,Recruiter
Bill Salazar,1.5,0.1,3.2,0.5,0.9,2.5,4.5,Assassin
Ramon Lewis,3.4,2.9,0.9,0.4,2.8,0.4,5.0,Recruiter
Milton Hale,1.6,5.0,2.1,2.3,5.0,3.8,3.2,Recruiter
Gladys Matthews,4.3,1.5,0.4,1.5,1.8,3.3,1.4,Assassin
Fredrick Copeland,1.3,4.1,3.5,2.8,2.8,1.2,3.4,Priest
Paula Martinez,1.4,0.3,2.3,3.6,3.8,4.0,4.1,Priest
Evelyn Ingram,2.7,3.3,4.4,4.9,4.1,4.2,4.1,Priest
Darrin Meyer,1.5,3.6,3.2,2.0,0.6,0.2,0.7,Recruiter
Dan Collier,4.6,1.8,2.5,5.0,4.7,3.4,4.1,Accountant
Edgar Sherman,4.0,1.4,3.6,2.0,4.0,0.6,1.6,Accountant
Johnny Guzman,0.1,3.4,3.8,2.6,1.0,0.6,0.4,Priest
Keith Howard,4.2,0.2,4.6,4.1,3.5,0.1,0.0,Accountant
Melinda Holmes,1.8,0.3,0.3,0.5,3.9,4.8,4.2,Assassin
Jordan Rodriguez,0.5,3.6,3.4,4.6,3.1,1.4,2.9,Priest
Emily Hammond,0.9,1.6,1.2,4.7,1.2,0.2,1.9,Advisor
Blanche Walker,0.7,2.7,3.9,1.2,2.8,4.6,3.3,Enforcer
Traci Powell,0.1,3.9,3.5,1.6,0.8,0.0,5.0,Priest
Ray Olson,3.4,2.3,4.4,4.9,4.2,0.4,2.3,Accountant
Nick Schneider,1.6,2.6,4.5,3.3,1.2,2.4,0.4,Enforcer
Raul Palmer,2.1,3.0,2.8,2.0,0.8,3.9,4.2,Enforcer
Josefina Lloyd,1.8,3.6,0.7,0.2,0.5,4.3,4.2,Enforcer
Krista Bridges,4.4,3.8,3.1,1.8,4.0,4.8,2.4,Enforcer
Anita Welch,2.6,3.1,0.0,3.9,4.4,2.7,1.0,Advisor
Fannie James,3.9,3.4,2.6,1.1,1.0,2.5,4.1,Assassin
Tamara Green,0.4,3.9,3.5,1.8,2.1,2.6,1.4,Enforcer
Ollie Carr,1.0,3.5,3.0,1.6,4.7,1.7,3.0,Recruiter
Clark Hoffman,3.2,3.4,3.1,3.5,2.9,0.8,3.5,Recruiter
Gregory Mckinney,4.0,1.8,3.2,0.1,3.5,3.1,1.0,Assassin
Karl Thomas,2.4,2.5,4.3,4.2,4.3,3.2,0.4,Accountant
Melvin Vega,3.9,1.2,2.9,0.0,2.5,1.0,0.3,Assassin
Edna Day,3.8,0.7,0.7,3.2,5.0,0.8,1.3,Accountant
Roland Massey,0.2,3.3,0.0,1.3,1.8,4.3,1.2,Enforcer
Terrell Stevenson,4.0,0.7,1.5,1.5,4.8,1.6,2.1,Accountant
Vera Allison,1.2,3.8,2.2,4.4,0.9,1.2,1.6,Advisor
Rochelle Powers,3.7,4.8,3.5,4.0,1.9,2.2,1.2,Advisor
Misty Obrien,3.6,2.0,3.3,4.9,3.0,3.8,3.9,Assassin
Ronnie Morton,4.6,0.2,2.2,2.5,1.4,3.8,1.4,Assassin
Paul Jenkins,1.9,3.7,3.2,4.1,1.1,1.8,4.5,Priest
Doreen Robertson,0.9,4.4,1.3,2.4,1.3,2.9,4.4,Priest
Rhonda Shelton,5.0,1.3,4.2,3.2,2.8,1.9,4.4,Assassin
Leland Schultz,0.3,1.3,0.2,0.2,2.7,3.6,2.6,Enforcer
Leonard Scott,0.9,0.3,4.0,2.8,1.5,3.7,0.5,Enforcer
Emmett Gross,0.0,1.1,2.6,0.2,1.1,2.3,2.2,Enforcer
Joshua Brock,0.7,4.8,2.3,2.8,3.6,0.7,1.1,Advisor
Mildred Clark,2.4,0.6,2.8,2.0,1.8,2.6,1.5,Assassin
Elsie Pratt,2.4,1.6,3.2,4.3,1.4,3.2,0.6,Accountant
Pauline Freeman,0.8,2.5,3.6,3.9,2.4,4.1,0.1,Accountant
Kerry Brewer,3.3,2.1,2.3,1.3,4.3,1.6,2.9,Accountant
Marta Dawson,4.3,1.5,4.4,3.0,0.3,2.8,0.3,Assassin
Priscilla Carlson,3.0,1.2,1.5,0.4,4.7,1.2,0.5,Accountant
Gordon Snyder,3.9,1.6,4.3,4.1,4.9,3.5,4.1,Accountant
Patty Adams,4.2,0.5,0.6,4.7,0.2,3.8,2.3,Assassin
Bertha Sims,1.6,4.1,1.2,3.2,1.6,2.8,4.8,Priest
Cora Douglas,1.5,0.3,0.1,2.5,1.5,4.0,1.0,Enforcer
Abel Mccormick,2.2,2.5,5.0,2.1,4.8,5.0,3.2,Enforcer
Mary Owens,3.3,2.8,0.6,0.5,0.0,2.6,2.1,Enforcer
Colin Ferguson,2.0,3.8,1.0,1.5,2.1,4.2,2.7,Enforcer
Elmer Evans,0.8,0.0,2.0,4.8,0.4,0.2,3.3,Priest
Darrell Briggs,1.6,4.8,0.2,4.9,0.1,3.8,3.4,Advisor
William Jimenez,4.6,5.0,0.6,3.0,1.0,4.4,2.3,Advisor
Miguel Henderson,0.2,1.2,5.0,3.1,1.2,4.6,1.2,Enforcer
Steven Brooks,2.6,2.1,3.4,2.3,4.3,2.6,0.5,Accountant
Dorothy Underwood,0.2,1.2,2.7,2.4,3.9,2.5,2.4,Accountant
Christy Morales,4.3,0.2,3.9,3.1,4.3,2.3,2.6,Assassin
Opal Wilkerson,2.4,0.7,4.0,0.7,0.2,3.3,3.5,Assassin
Margie Mcguire,2.4,4.3,3.4,4.1,3.9,0.9,4.9,Recruiter
Candice Huff,0.9,0.4,4.5,1.9,2.1,0.3,4.8,Priest
Willie Townsend,2.5,0.9,1.7,1.9,1.2,2.3,2.1,Assassin
Tara Gordon,0.4,4.5,2.2,3.6,3.8,1.0,0.3,Advisor
Joanne Berry,2.8,1.7,0.7,4.3,3.0,3.1,4.2,Advisor
Elvira Keller,3.3,2.0,1.5,0.0,3.7,4.7,4.3,Enforcer
Audrey Neal,4.3,4.1,4.5,1.8,3.7,1.8,2.5,Accountant
Gene Ryan,0.9,0.5,1.4,0.2,3.3,1.6,4.5,Priest
Leon Mccarthy,2.0,4.6,2.2,1.8,4.1,4.0,0.7,Advisor
Rosalie Sandoval,1.4,0.4,1.7,4.0,3.2,5.0,0.1,Accountant
Louis Warner,2.1,4.3,0.0,2.0,4.4,1.9,0.9,Advisor
Carl Hanson,2.0,0.8,1.0,5.0,2.1,0.6,0.5,Advisor
Oscar Mack,5.0,0.9,5.0,3.2,3.4,0.7,2.8,Assassin
Neil Mccormick,3.9,1.4,2.1,3.6,0.6,1.2,4.2,Assassin
Alfred Brock,0.0,2.9,2.2,0.5,4.7,3.2,3.0,Priest
Kay Christensen,2.6,3.9,2.6,2.1,2.0,3.6,2.4,Enforcer
Justin Sparks,0.8,1.5,4.0,4.0,4.2,1.4,4.6,Priest
Harry Wise,0.8,0.7,2.4,0.0,1.1,3.0,3.0,Enforcer
Norman Marsh,3.0,1.4,3.3,5.0,3.1,4.3,1.0,Accountant
Darlene Bradley,4.9,2.2,0.1,4.5,4.1,4.4,1.0,Advisor
Gerald Pena,4.3,0.4,2.4,1.2,4.9,2.7,1.4,Accountant
Shane Lambert,4.8,2.3,0.4,1.4,4.0,3.7,3.0,Assassin
Loren Sanders,0.9,4.9,2.6,2.5,1.6,4.4,4.1,Enforcer
Kenneth Harmon,1.0,4.1,1.5,4.8,2.9,0.0,5.0,Recruiter
Forrest Lopez,2.8,3.9,2.4,0.4,0.4,0.3,3.0,Recruiter
Melinda Shelton,1.8,1.5,1.8,0.8,4.6,3.5,1.5,Accountant
Genevieve Pittman,3.0,1.0,0.5,0.2,1.5,3.6,1.9,Assassin
Rita Schmidt,0.8,0.8,1.9,0.4,5.0,3.0,0.3,Accountant
Alton Hampton,3.2,4.5,2.1,0.8,1.8,5.0,0.9,Enforcer
Jimmy Owens,5.0,4.6,2.5,2.4,1.0,3.7,4.3,Enforcer
Debra Richardson,0.7,0.8,3.7,2.5,0.5,0.7,5.0,Priest
April Parks,2.9,1.0,2.5,1.6,4.8,2.4,1.3,Accountant
Rudolph Briggs,0.0,0.6,1.7,4.0,0.7,1.7,3.5,Priest
Kimberly Reeves,1.5,1.8,4.8,2.1,1.5,1.0,2.1,Assassin
Willis Montgomery,0.0,4.4,4.5,3.2,0.8,0.4,3.7,Priest
Dave Ballard,4.5,3.1,4.4,3.6,1.9,1.1,4.8,Assassin
Robin Pratt,3.7,2.7,2.9,0.1,0.0,3.6,0.0,Enforcer
Kelly Evans,1.5,1.1,2.4,2.0,4.3,4.3,3.5,Enforcer
Jenna Harrington,0.8,4.4,2.1,4.4,3.8,4.0,2.6,Advisor
Mable Bates,4.8,3.1,4.3,1.8,3.3,3.2,0.2,Accountant
Jeffrey Parsons,0.9,1.4,4.7,2.6,0.0,0.7,0.8,Enforcer
Larry Gibson,4.0,1.9,1.8,1.7,0.9,3.9,4.3,Assassin
Robyn Fernandez,3.7,4.8,2.0,4.0,3.8,1.9,3.1,Advisor
Ellen Newman,1.5,3.2,3.8,2.9,4.0,2.5,0.1,Accountant
Neal Bryan,4.1,2.3,4.5,2.1,1.9,2.2,4.2,Assassin
Nettie Hoffman,2.1,1.8,0.3,1.8,4.8,3.6,4.4,Recruiter
Rosemarie Salazar,0.9,2.1,2.2,0.3,3.3,1.6,3.9,Priest
Rufus Harper,4.0,4.6,1.1,1.9,1.9,2.8,1.4,Advisor
Emma Alvarado,3.9,3.0,2.6,3.4,2.2,2.3,2.9,Advisor
Frederick Cruz,1.4,5.0,3.5,3.1,3.2,4.1,0.5,Enforcer
Brad Diaz,3.7,0.9,3.3,0.0,2.6,4.0,2.7,Assassin
Jon Moran,4.4,0.5,2.8,4.0,4.0,0.9,4.4,Assassin
Lorenzo Scott,2.1,3.6,2.4,4.0,2.1,0.2,4.1,Recruiter
Gerard Delgado,3.3,3.4,3.6,3.3,3.3,4.1,4.1,Enforcer
Jose Cobb,4.6,1.4,4.9,3.7,4.3,3.3,3.9,Assassin
Roger Nelson,1.7,2.8,0.1,0.7,1.7,0.0,2.4,Recruiter
Dean Webster,0.0,3.2,1.7,2.6,0.9,2.4,2.7,Priest
Doreen Hunt,0.5,3.5,3.7,1.3,2.9,1.5,3.7,Priest
Elijah Reed,1.8,0.6,3.4,2.5,1.8,4.2,1.9,Enforcer
Marianne Garza,3.0,1.1,4.7,3.7,1.2,3.5,0.1,Assassin
Vicky Mcguire,3.6,1.5,1.4,3.4,2.8,2.2,3.2,Advisor
Allison Morris,0.0,0.0,1.3,2.4,2.4,2.7,3.5,Priest
Roxanne Hubbard,5.0,1.7,3.9,3.4,2.4,3.3,0.0,Accountant
Heidi Glover,2.6,1.3,2.1,4.7,0.5,2.1,0.6,Advisor
Melody Graves,0.5,1.9,4.7,4.1,4.9,1.5,2.5,Accountant
Gilberto Reynolds,1.3,2.3,1.4,3.7,2.5,4.5,2.9,Priest
Tina Carlson,0.4,3.4,1.8,1.9,4.8,2.8,2.9,Recruiter
Tonya Reyes,1.8,1.1,4.9,0.0,2.0,4.9,3.6,Enforcer
Maurice Casey,2.2,0.6,3.3,4.1,4.4,3.7,3.1,Accountant
Angel Allen,2.7,4.5,0.0,3.7,4.2,2.1,0.9,Advisor
Kenny Quinn,0.4,1.3,1.4,2.0,4.5,0.5,2.9,Accountant
Brian Bowman,1.2,1.6,1.8,4.6,4.5,1.5,0.6,Accountant
Rick Pierce,0.3,0.0,3.9,0.2,3.4,2.3,1.7,Accountant
Garry Cohen,1.1,3.3,4.2,3.1,2.6,4.3,3.7,Enforcer
Mandy Spencer,4.7,4.4,5.0,4.2,3.9,0.1,0.0,Accountant
Duane Steele,4.5,1.1,1.4,1.7,2.5,0.2,4.7,Assassin
Lester Kelly,1.8,2.6,4.9,5.0,3.0,2.1,0.4,Accountant
Billy Leonard,5.0,3.8,3.7,3.7,4.1,3.1,0.1,Accountant
Terry Garner,0.4,2.5,3.6,3.0,4.8,3.5,1.1,Accountant
Brett Moreno,1.6,0.8,4.9,1.9,4.1,1.7,0.7,Accountant
Jeannette Rios,0.7,0.6,4.0,2.4,4.3,2.0,3.1,Accountant
Mae Ruiz,3.3,0.9,2.2,2.5,1.7,2.0,0.8,Assassin
Timothy Hamilton,4.7,2.6,4.9,2.9,0.2,4.1,2.2,Assassin
Terrence Wright,0.9,4.6,1.4,2.9,2.5,0.2,3.3,Recruiter
Mona Mathis,2.2,1.4,4.7,1.7,0.7,2.7,0.0,Enforcer
Jessie Wagner,4.8,3.5,0.1,2.0,0.7,0.1,4.8,Recruiter
Donald Carter,3.7,4.1,2.0,0.7,2.8,0.0,2.3,Recruiter
Frank Carr,3.2,4.5,2.8,2.7,2.2,2.3,4.7,Recruiter
Bridget Barrett,1.4,0.3,0.0,2.4,2.5,3.1,1.6,Advisor
Amelia Phillips,1.4,4.2,0.9,0.1,0.7,4.4,4.4,Enforcer
Nathan Valdez,0.4,1.2,1.7,1.5,0.2,4.8,4.8,Enforcer
Edwin Perry,4.3,1.3,5.0,2.5,1.0,1.6,4.6,Assassin
Sophie Stanley,0.8,3.8,1.0,0.6,4.6,4.1,0.7,Enforcer
Nancy Caldwell,0.9,3.3,3.0,4.7,1.4,2.3,4.4,Priest
Gloria Hicks,3.4,2.0,3.0,1.3,4.1,2.1,2.2,Accountant
Kayla Page,4.9,1.3,2.4,3.5,0.2,1.6,1.0,Assassin
Sonya Singleton,1.5,4.7,0.8,4.3,2.6,0.6,3.4,Recruiter
Mario Olson,4.1,0.6,0.3,5.0,4.5,2.4,4.2,Advisor
Rachel Nguyen,1.7,3.0,2.7,4.5,3.2,4.8,2.3,Advisor
Kristine Nichols,1.3,0.2,1.6,2.6,3.9,0.4,2.9,Accountant
Freda Mclaughlin,1.3,4.4,4.6,3.2,3.9,0.0,3.4,Priest
Alexander Byrd,4.4,2.2,3.4,1.4,3.1,2.5,1.2,Assassin
Alyssa Barker,1.9,1.7,0.0,3.9,2.5,1.4,3.3,Advisor
Charlie Cross,2.7,1.3,2.7,3.3,0.2,0.0,3.5,Priest
Milton Hart,1.9,0.3,4.2,4.1,4.6,1.5,2.4,Accountant
Sabrina Brock,4.6,0.4,2.2,0.0,2.4,4.1,2.9,Assassin
Tracy Alvarez,3.4,0.7,0.9,3.3,2.7,2.9,0.2,Accountant
Vickie Welch,3.4,2.6,1.6,0.9,4.1,2.9,3.1,Assassin
Myrtle Ruiz,2.7,3.0,1.2,0.0,2.6,4.1,0.7,Enforcer
Jean Bates,1.0,1.7,3.7,3.1,3.4,3.6,1.6,Accountant
Lee Adkins,2.8,4.9,1.6,4.4,1.7,4.9,0.5,Advisor
Lonnie Perry,0.2,2.2,2.6,2.0,3.7,3.1,0.4,Accountant
Melinda Simon,3.4,3.9,4.5,2.9,3.8,3.6,4.8,Enforcer
Wilson Steele,1.2,3.5,4.2,0.5,2.0,3.4,0.6,Enforcer
Lionel Harrison,4.6,1.3,1.1,0.5,0.7,0.0,0.0,Assassin
Cheryl Silva,0.8,0.7,4.8,0.5,4.3,3.7,1.2,Accountant
Carroll Vasquez,1.6,3.3,4.3,0.0,0.7,4.3,2.9,Enforcer
Maureen Armstrong,1.4,1.5,1.9,2.2,0.7,1.6,0.6,Enforcer
Carlton Simpson,0.7,2.5,3.7,0.8,4.9,1.2,0.6,Accountant
Dennis Stokes,4.5,3.5,2.3,1.1,1.0,0.8,0.4,Assassin
Joseph Jacobs,0.7,4.7,2.4,4.5,3.4,4.1,1.2,Advisor
Keith Campbell,3.8,3.4,3.7,2.3,0.7,2.7,1.4,Enforcer
Alice Salazar,2.9,2.6,3.8,2.1,3.3,0.0,1.7,Accountant
Elisa Horton,1.9,4.6,3.8,0.7,3.9,0.5,0.8,Accountant
Kristin Martinez,1.4,1.0,2.0,4.2,4.6,4.7,3.8,Priest
Simon Harmon,3.3,1.7,3.6,1.3,0.0,0.2,0.9,Assassin
Edwin Mullins,2.2,2.0,2.1,2.2,4.7,0.8,3.4,Accountant
Martin Gardner,3.5,2.3,0.9,3.2,3.0,2.8,2.6,Advisor
Sandy Marshall,2.9,3.5,1.0,4.2,4.0,3.9,1.8,Advisor
Billie Harris,0.1,2.9,1.4,4.7,3.0,0.6,0.3,Advisor
Horace Collier,4.7,3.4,1.8,3.9,1.1,4.8,1.4,Enforcer
Suzanne Aguilar,0.2,2.1,1.5,2.6,3.4,3.1,0.0,Accountant
Kent Newton,5.0,0.0,1.3,3.6,3.5,5.0,0.0,Accountant
Kevin Cain,3.4,3.2,3.8,0.9,3.9,4.3,1.4,Enforcer
Arnold Schmidt,1.6,0.2,0.1,1.4,3.3,3.4,0.0,Accountant
Miguel Robertson,3.6,2.8,0.2,1.2,1.5,4.9,3.3,Enforcer
Darrell Blake,4.1,5.0,2.7,1.5,4.1,3.4,3.1,Recruiter
Julius Webster,0.5,2.0,4.4,2.7,0.2,1.5,4.5,Priest
Antonia Francis,2.8,0.5,2.0,2.0,3.9,3.4,4.1,Assassin
Boyd Brewer,4.3,5.0,4.2,2.6,3.0,1.7,4.0,Recruiter
Ollie Dunn,3.5,3.8,1.5,0.0,2.6,0.6,4.3,Recruiter
June Moran,1.0,1.1,0.8,2.0,4.0,2.2,5.0,Priest
Alfredo Bishop,2.0,2.8,2.0,4.3,2.3,3.7,1.6,Advisor
Carlos Poole,2.7,0.6,0.3,3.7,4.9,2.0,0.5,Accountant
Angelica Hughes,1.5,1.7,2.1,2.0,1.4,4.4,0.3,Enforcer
Mildred Edwards,3.7,0.6,4.4,3.4,0.3,4.8,4.2,Assassin
Julio Wheeler,4.3,0.4,4.6,4.4,4.7,0.4,3.0,Accountant
Lena Medina,2.7,2.8,5.0,3.3,2.9,3.4,2.9,Enforcer
Kyle Holt,2.7,2.0,0.7,0.2,0.5,0.0,4.1,Recruiter
Christian Torres,0.5,2.5,3.1,1.3,1.2,0.8,0.9,Enforcer
Taylor Washington,4.2,0.0,0.3,0.8,3.6,0.9,3.7,Assassin
Franklin Parks,4.2,1.3,5.0,1.7,4.2,2.1,4.5,Assassin
Bernice Fields,2.1,1.0,4.4,2.8,2.9,4.9,0.7,Enforcer
Raquel Sullivan,0.9,4.6,3.7,1.4,0.7,0.8,0.8,Enforcer
Debra Farmer,2.6,1.2,0.6,0.6,1.1,3.4,4.2,Assassin
Duane Reeves,2.6,4.4,0.1,3.5,0.8,4.2,3.9,Recruiter
Jeffrey Lawrence,0.9,0.9,2.1,4.1,1.4,3.7,4.4,Priest
George Patton,0.3,2.6,3.0,1.4,1.1,2.1,4.2,Priest
Bennie Anderson,2.8,1.3,0.9,2.4,1.1,4.1,3.2,Assassin
Lydia Hicks,3.3,0.5,1.5,3.5,2.9,0.3,0.2,Accountant
Paul Munoz,0.6,4.9,4.2,1.4,2.7,3.7,1.4,Enforcer
Vera Holmes,0.1,3.0,2.0,3.2,2.3,3.5,2.1,Priest
Kelli Moss,2.4,4.6,1.4,2.7,1.2,1.5,0.8,Advisor
Shirley Mathis,2.1,2.9,1.3,0.4,2.5,3.1,3.5,Enforcer
Amy Love,0.4,4.9,4.1,1.6,1.9,0.4,4.5,Priest
Kerry Parker,1.9,3.3,2.4,4.2,0.4,2.2,3.4,Priest
Leticia Mason,3.3,1.8,0.2,4.7,4.3,0.9,0.0,Advisor
Dana Romero,4.3,4.9,3.8,4.9,4.0,4.8,0.9,Accountant
Meredith Allison,4.4,1.5,1.5,1.9,3.5,3.5,4.5,Assassin
Cecil Tate,3.4,1.8,4.1,0.9,4.9,3.0,1.2,Accountant
Travis Harper,0.9,3.3,0.4,2.1,1.0,4.8,4.0,Enforcer
Lisa George,1.2,4.0,3.0,3.7,1.6,1.1,4.6,Priest
Jan Kennedy,3.5,3.9,0.4,2.1,3.8,0.2,1.7,Advisor
Brenda Ramirez,2.2,1.6,0.7,1.0,3.1,3.7,3.5,Enforcer
Marion Cox,1.9,2.8,4.5,0.9,0.0,1.6,1.4,Enforcer
Andre Watson,0.7,2.4,1.5,0.2,4.1,0.9,4.5,Recruiter
Meghan Price,4.5,3.3,4.2,3.4,2.2,0.5,3.2,Assassin
Diana Malone,3.4,0.9,1.4,0.5,3.9,3.6,1.1,Assassin
Lela Porter,0.4,2.5,2.0,4.3,1.9,1.8,1.2,Advisor
Yvonne Norris,4.7,2.7,0.8,1.8,2.4,1.4,3.3,Recruiter
Susie Cruz,0.1,0.3,3.8,4.6,3.4,2.3,3.8,Priest
Phillip Henderson,4.0,2.5,4.8,0.8,4.1,4.6,0.1,Enforcer
Loren Hill,0.0,4.0,1.9,0.0,1.2,0.9,1.6,Recruiter
Pete Bennett,2.4,0.8,4.8,1.6,4.9,2.4,2.5,Accountant
Ronald Townsend,0.4,1.5,3.5,4.5,4.1,3.4,3.3,Priest
Dexter Mann,4.9,2.2,0.3,2.8,4.3,0.3,1.0,Advisor
Pat Burns,1.5,2.2,0.9,1.4,1.9,4.3,2.2,Enforcer
Mona Wise,0.8,3.4,4.2,1.3,1.6,3.8,4.9,Enforcer
Bessie Glover,2.6,0.4,4.9,2.8,3.9,4.0,0.3,Accountant
Willie Miles,3.7,3.5,0.5,2.6,2.8,2.1,4.7,Recruiter
Leslie Ingram,0.7,4.5,1.1,4.5,4.3,1.4,4.9,Recruiter
Barry Summers,3.7,2.2,0.4,1.8,2.6,1.1,1.8,Advisor
Emilio Richardson,0.4,4.5,0.4,0.3,1.6,3.5,0.4,Enforcer
Verna Waters,1.4,3.2,2.3,2.3,4.2,0.9,3.0,Recruiter
Hazel Chavez,4.2,4.3,2.5,0.5,3.4,1.1,2.1,Recruiter
Lindsey Hayes,1.2,1.0,2.2,1.2,1.3,2.0,0.1,Enforcer
Nadine Robinson,2.6,3.1,2.1,2.5,4.4,0.8,2.4,Accountant
Glen Roberts,0.9,0.3,0.9,3.6,3.2,3.6,2.2,Accountant
Israel Richards,1.1,2.5,2.4,3.7,0.8,0.6,3.9,Priest
Roland Barnett,2.0,1.7,2.8,1.7,3.9,1.3,2.7,Accountant
Michelle Howard,0.4,2.7,1.8,4.5,5.0,3.3,1.8,Accountant
Tyrone Romero,3.5,0.1,0.1,3.7,2.2,0.5,3.5,Advisor
Lindsey Watts,2.6,3.4,3.8,4.1,0.0,4.5,0.7,Enforcer
Dawn Zimmerman,0.1,3.8,3.1,1.8,2.7,3.3,0.9,Enforcer
Janice Singleton,2.8,1.2,1.0,1.5,2.5,1.7,4.5,Assassin
Lee Pierce,0.7,2.0,2.3,1.8,2.4,0.0,0.5,Accountant
Phil Christensen,0.9,0.1,4.9,2.4,0.1,2.5,1.1,Enforcer
Rebecca Bryant,1.5,3.8,2.8,1.1,0.6,3.6,4.4,Enforcer
Marion Holt,1.6,2.7,0.3,4.7,0.1,3.2,0.5,Advisor
Jody Holloway,0.7,4.1,3.2,5.0,3.6,0.4,5.0,Priest
Marie Colon,3.1,4.7,2.2,3.0,0.4,1.6,1.9,Recruiter
Lillie Silva,0.5,1.3,3.0,2.1,2.8,4.8,4.8,Enforcer
Sheila Beck,3.1,0.4,3.4,1.8,1.8,0.2,0.7,Assassin
Bruce Rodgers,4.8,0.1,1.0,0.3,1.6,0.3,0.4,Assassin
Danny Payne,2.8,1.0,1.5,2.3,4.2,3.7,0.5,Accountant
Paul Daniel,3.3,3.7,0.8,0.4,4.3,3.8,1.4,Advisor
Herbert Reid,4.8,5.0,3.2,3.4,2.0,3.8,0.3,Enforcer
Dewey Alvarez,3.4,2.7,2.4,3.8,0.6,2.8,4.9,Priest
Virgil Stephens,4.6,3.8,4.2,0.6,1.5,1.2,4.0,Assassin
Irene Benson,2.6,2.1,2.3,3.8,1.2,3.7,4.4,Priest
Lucas Parks,1.9,3.6,1.6,2.3,2.8,1.5,2.3,Recruiter
Alyssa Moss,0.8,0.6,4.7,3.6,2.8,2.3,3.2,Priest
Harvey Houston,2.1,0.9,0.0,4.6,4.3,5.0,3.6,Advisor
Nathan Lowe,2.5,0.5,3.1,0.0,4.7,0.2,2.2,Accountant
Bernadette Rios,2.6,3.6,3.3,2.0,1.1,1.5,2.1,Enforcer
Peter Willis,5.0,0.4,0.1,1.3,1.6,2.6,0.5,Assassin
Roberto Banks,2.5,2.7,0.6,2.9,1.3,4.5,0.0,Enforcer
Francisco Knight,1.8,2.4,2.9,4.2,1.9,3.9,2.8,Priest
Marcia Gardner,0.9,0.6,2.8,4.4,1.3,3.1,3.9,Priest
Heidi Alexander,3.3,0.9,3.2,1.9,4.9,2.0,2.2,Accountant
Sophie Black,2.2,0.0,1.1,3.1,2.6,2.3,1.6,Accountant
Brent Burton,3.7,0.9,0.4,2.0,2.8,4.6,2.2,Assassin
Lucy Richards,4.9,1.7,3.3,2.5,0.5,2.2,1.5,Assassin
Nichole Harmon,4.3,0.3,0.3,4.7,0.6,5.0,4.1,Assassin
Mario Guzman,4.2,2.5,4.3,3.7,4.3,0.7,3.6,Accountant
Henry Hines,1.0,2.7,1.4,0.2,2.1,2.2,2.0,Enforcer
Elias Walton,0.9,1.9,1.3,2.4,3.4,0.1,3.3,Recruiter
Johnathan Mcdaniel,1.5,4.3,3.4,4.9,5.0,3.0,1.0,Accountant
Jack Spencer,1.4,0.8,1.0,2.1,1.5,4.0,1.2,Enforcer
Kayla Webb,2.5,1.6,3.7,4.6,2.3,0.0,0.2,Accountant
Toni Howard,4.9,1.1,1.4,3.5,0.1,4.4,2.1,Assassin
Jessie Park,3.4,4.7,0.9,4.9,1.0,1.0,3.7,Recruiter
Marion Poole,1.2,1.6,0.7,0.7,3.3,3.9,1.6,Enforcer
Michael Simmons,2.8,1.3,2.7,4.4,0.5,2.0,1.0,Assassin
Steve Johnston,4.8,0.0,1.4,4.4,5.0,0.8,2.4,Accountant
Clyde Chambers,4.7,4.1,1.1,1.1,3.9,2.6,2.1,Advisor
Claudia Watkins,2.7,3.9,1.3,4.8,1.7,4.6,3.0,Advisor
Randal Owens,2.4,4.4,3.0,3.7,2.7,4.8,3.3,Enforcer
Donald Lawson,3.1,2.8,2.2,2.0,1.6,2.9,1.6,Enforcer
Eleanor Cobb,2.5,4.0,4.0,1.1,1.5,4.9,0.2,Enforcer
Jeannie Fox,4.4,0.8,1.3,4.3,1.4,3.8,3.4,Assassin
Faye Crawford,2.0,1.1,3.8,3.7,0.6,0.0,1.1,Accountant
Kent Ballard,0.7,4.0,4.3,1.9,1.8,2.3,0.1,Enforcer
Misty Fowler,2.2,3.2,2.1,4.5,0.3,4.8,2.4,Enforcer
Russell Hudson,3.8,1.4,0.6,2.4,2.4,4.5,1.9,Assassin
Cathy Adkins,0.0,2.3,2.8,0.6,4.4,0.8,1.0,Accountant
Dennis Fletcher,1.8,2.8,5.0,1.8,2.7,3.8,2.7,Enforcer
Rodolfo Roberts,5.0,3.4,1.7,0.0,1.6,2.7,3.8,Assassin
Edmund Stokes,3.8,0.9,0.5,1.0,2.3,4.5,3.2,Assassin
Elmer Mcguire,1.8,2.3,1.7,4.7,3.2,1.1,1.6,Advisor
Wilma Pearson,3.6,2.7,3.8,0.3,0.9,3.4,0.2,Enforcer
Gilbert Cummings,1.4,5.0,2.2,1.8,2.0,4.2,2.0,Enforcer
Justin Guerrero,4.9,3.9,4.3,2.6,2.5,2.9,2.4,Assassin
Clinton Castillo,1.0,3.1,2.3,4.6,0.5,2.4,5.0,Priest
Kay Ramos,1.1,0.1,3.2,0.0,2.3,0.9,0.6,Accountant
Dwayne Clark,0.3,3.6,0.7,2.1,2.9,4.9,4.0,Enforcer
Herman Todd,2.3,4.0,2.1,2.6,2.8,2.3,4.1,Recruiter
Elizabeth Glover,5.0,5.0,4.0,1.1,4.7,3.6,2.8,Enforcer
